"Age","Gender","Profession","Resources","HealthcareAccess","BioComputerUser"
28,"Female","Engineer",44.3571347929537,0.248629881301895,"No"
33,"Female","Driver",86.6255025565624,0.98946317541413,"No"
59,"Female","Engineer",67.491800673306,0.717121902387589,"No"
37,"Male","Doctor",84.5757313072681,0.651728288270533,"No"
38,"Female","Engineer",43.5240622237325,0.240556207252666,"No"
62,"Male","Doctor",31.2868177331984,0.086792754707858,"Yes"
43,"Female","Farmer",91.0896882042289,0.296676280442625,"No"
21,"Female","Engineer",20.662800334394,0.542068801820278,"Yes"
26,"Female","Farmer",65.5296522378922,0.780648312997073,"Yes"
29,"Female","Farmer",97.4040151946247,0.271841532550752,"No"
54,"Male","Driver",41.5351010672748,0.317172060022131,"No"
41,"Female","Doctor",98.7168056517839,0.947654680814594,"No"
42,"Male","Doctor",22.8311590105295,0.490255853859708,"Yes"
38,"Male","Engineer",40.6381144374609,0.972959124017507,"Yes"
28,"Male","Engineer",40.7912897132337,0.845900436630473,"No"
63,"Female","Engineer",95.8550790138543,0.979670982109383,"Yes"
43,"Male","Farmer",98.3698190934956,0.113989664707333,"Yes"
21,"Female","Engineer",78.750789090991,0.313981512794271,"No"
47,"Female","Farmer",42.9983805306256,0.944676731247455,"No"
29,"Female","Engineer",52.7167294733226,0.64154488639906,"Yes"
21,"Male","Engineer",36.1262118443847,0.97942201863043,"Yes"
33,"Female","Farmer",81.3269087299705,0.97201200760901,"No"
21,"Male","Engineer",79.4483951851726,0.730551321757957,"No"
25,"Female","Engineer",59.8769104667008,0.391842844663188,"No"
27,"Female","Farmer",73.6399676464498,0.663462371565402,"No"
21,"Female","Farmer",80.1970234885812,0.25723231676966,"Yes"
49,"Male","Farmer",81.9090335071087,0.309798469068483,"Yes"
38,"Male","Driver",68.413544036448,0.840456382371485,"No"
21,"Female","Engineer",51.2412594817579,0.68827313138172,"No"
55,"Male","Driver",73.6846058443189,0.774932118365541,"No"
42,"Male","Farmer",89.5366249233484,0.307840032270178,"Yes"
32,"Male","Engineer",54.9122298508883,0.641562938224524,"No"
49,"Male","Engineer",29.6381075493991,0.613391627557576,"No"
49,"Female","Engineer",69.5162687636912,0.226554587483406,"No"
48,"Female","Farmer",58.4407000802457,0.246159217087552,"Yes"
46,"Male","Engineer",93.9114471711218,0.877758006798103,"No"
44,"Male","Engineer",39.2538148164749,0.784769725752994,"No"
35,"Male","Engineer",82.118526045233,0.0256611597724259,"No"
31,"Male","Engineer",80.159031059593,0.755333107197657,"No"
30,"Male","Farmer",74.1185939870775,0.897715891711414,"Yes"
26,"Female","Doctor",64.1375571116805,0.893065905896947,"Yes"
33,"Female","Engineer",67.8288424946368,0.119435762288049,"Yes"
21,"Female","Engineer",89.3150065280497,0.976272112689912,"No"
69,"Male","Engineer",59.6272570081055,0.910052168415859,"No"
54,"Male","Engineer",98.4183171205223,0.258996623102576,"Yes"
21,"Male","Farmer",25.5499749816954,0.888964015757665,"No"
30,"Male","Engineer",64.4743171148002,0.833025268977508,"No"
29,"Female","Doctor",35.1498820260167,0.439285231055692,"No"
48,"Female","Engineer",43.7165985256433,0.076751409098506,"No"
35,"Female","Farmer",87.2803297452629,0.866153983864933,"No"
40,"Male","Doctor",36.4085680991411,0.323661691509187,"No"
36,"Female","Engineer",66.6175271756947,0.232093419646844,"No"
35,"Male","Driver",51.7009758576751,0.82778966287151,"No"
57,"Female","Engineer",44.44570209831,0.991556603927165,"No"
33,"Male","Engineer",57.7804231457412,0.230139006627724,"No"
59,"Female","Farmer",79.4599278271198,0.0888144311029464,"No"
21,"Male","Engineer",98.1442885287106,0.635193619178608,"No"
45,"Male","Farmer",32.5011081062257,0.856550942640752,"No"
38,"Male","Farmer",30.3540649078786,0.183941821334884,"Yes"
39,"Male","Driver",66.4447442255914,0.50547484937124,"Yes"
42,"Female","Driver",30.9719339944422,0.355560597730801,"No"
28,"Male","Engineer",36.1597155593336,0.82449588412419,"Yes"
31,"Male","Doctor",47.3319251649082,0.483728897292167,"No"
21,"Male","Engineer",41.2720757350326,0.231912927469239,"Yes"
21,"Female","Engineer",77.7268785238266,0.270163433160633,"No"
41,"Female","Farmer",75.6393187493086,0.822993500856683,"No"
43,"Female","Engineer",83.536698166281,0.0258362537715584,"No"
37,"Female","Driver",41.9575998932123,0.405925505328923,"No"
50,"Male","Doctor",34.5565089583397,0.596034614136443,"Yes"
67,"Male","Engineer",57.008293364197,0.528739652596414,"No"
29,"Female","Farmer",64.0436061471701,0.682570908451453,"Yes"
21,"Male","Farmer",69.8174171335995,0.507812907686457,"No"
51,"Male","Engineer",58.6314739100635,0.554371795384213,"No"
25,"Female","Engineer",30.3864779323339,0.841240104753524,"Yes"
26,"Male","Doctor",90.7197445631027,0.312510160263628,"No"
51,"Male","Farmer",99.3054342269897,0.0359481202904135,"No"
32,"Male","Doctor",88.9572348818183,0.815994060598314,"Yes"
21,"Female","Doctor",88.1800574250519,0.778576789423823,"No"
39,"Male","Farmer",50.1930885761976,0.859379491303116,"No"
34,"Female","Doctor",69.3661199882627,0.065719356527552,"No"
36,"Female","Farmer",61.4673914015293,0.00880611850880086,"No"
42,"Male","Engineer",22.9543367959559,0.591680875513703,"Yes"
30,"Male","Doctor",79.4425947591662,0.869615380419418,"No"
46,"Female","Engineer",87.3942803405225,0.446291885804385,"Yes"
33,"Female","Engineer",23.9292253740132,0.0375750046223402,"Yes"
41,"Male","Engineer",91.4631366170943,0.410290583269671,"No"
52,"Female","Driver",50.2541962265968,0.365216211182997,"Yes"
43,"Male","Engineer",75.6451441161335,0.476584830554202,"No"
31,"Male","Doctor",77.3849090002477,0.133677755715325,"Yes"
53,"Female","Engineer",74.6019957400858,0.47945625660941,"No"
51,"Female","Driver",44.0325084887445,0.26431269175373,"No"
44,"Female","Farmer",44.2098546214402,0.489932941505685,"No"
40,"Female","Engineer",58.0888318642974,0.90606120461598,"No"
27,"Female","Engineer",23.87859871611,0.500997344264761,"No"
56,"Female","Farmer",59.3295856006444,0.703506809892133,"No"
27,"Male","Doctor",67.0899778977036,0.0579100276809186,"No"
69,"Male","Engineer",38.7711462751031,0.689310917630792,"No"
59,"Female","Engineer",97.1710599586368,0.798795275855809,"No"
32,"Male","Engineer",32.7995728328824,0.0188550325110555,"No"
21,"Female","Engineer",66.0190387070179,0.0368145718239248,"No"
25,"Male","Engineer",53.6633769795299,0.577822232153267,"No"
40,"Female","Driver",29.7943766787648,0.790035859448835,"No"
32,"Female","Engineer",49.1428165882826,0.735261033289135,"Yes"
31,"Male","Farmer",99.8980927653611,0.268537719035521,"No"
22,"Male","Engineer",83.8309034518898,0.805366424378008,"No"
35,"Male","Doctor",47.988120932132,0.424932877765968,"No"
24,"Female","Farmer",94.9581643752754,0.165215192828327,"No"
21,"Female","Engineer",77.0557903312147,0.604047569446266,"Yes"
30,"Male","Farmer",59.6195014752448,0.825760356150568,"No"
50,"Male","Engineer",84.9796289391816,0.780950927408412,"Yes"
27,"Male","Engineer",72.3946035839617,0.0814768993295729,"No"
45,"Female","Engineer",48.8596704788506,0.0707583683542907,"No"
21,"Female","Doctor",57.7545241639018,0.958960017655045,"Yes"
35,"Female","Doctor",67.868616450578,0.0902927571441978,"No"
44,"Male","Engineer",78.0959864892066,0.212251252261922,"Yes"
41,"Female","Driver",48.479978479445,0.439203592948616,"No"
38,"Male","Engineer",66.9182759895921,0.777871488593519,"No"
26,"Female","Driver",61.3282870315015,0.851407959358767,"No"
23,"Male","Farmer",67.4811751581728,0.62472390383482,"No"
21,"Male","Doctor",91.0615667700768,0.388040910009295,"No"
38,"Male","Engineer",89.3702044710517,0.143754850840196,"No"
22,"Male","Engineer",86.4961095713079,0.881672804243863,"No"
29,"Female","Farmer",32.937448900193,0.873741812538356,"No"
32,"Female","Driver",46.5118196234107,0.338623692048714,"No"
64,"Male","Doctor",94.0937964059412,0.513312963536009,"No"
26,"Female","Farmer",94.0031296946108,0.493935424368829,"Yes"
40,"Male","Farmer",70.9198030456901,0.793437806423753,"No"
37,"Male","Engineer",83.4327871538699,0.918415119173005,"No"
22,"Female","Engineer",65.739708635956,0.586360268760473,"Yes"
35,"Male","Driver",23.1500549055636,0.823480394203216,"No"
58,"Female","Engineer",43.0125795118511,0.807438910007477,"No"
43,"Female","Doctor",58.4673270769417,0.281572984298691,"No"
37,"Female","Farmer",54.7931001894176,0.508648599265143,"Yes"
30,"Female","Engineer",94.5975909754634,0.295229440322146,"No"
21,"Male","Doctor",71.6544468514621,0.867623769445345,"Yes"
53,"Male","Engineer",20.0663170963526,0.713367390912026,"Yes"
21,"Female","Engineer",21.5617928653955,0.362351306248456,"Yes"
47,"Male","Engineer",43.7579655461013,0.997030258877203,"No"
65,"Male","Doctor",41.8996958248317,0.701003309339285,"No"
21,"Male","Doctor",86.3577071391046,0.237478893948719,"No"
47,"Male","Driver",77.6847538352013,0.647496965713799,"No"
32,"Female","Engineer",74.4444710761309,0.343952272552997,"No"
21,"Female","Engineer",50.7355914078653,0.800626118434593,"Yes"
21,"Female","Engineer",34.8218773677945,0.325027865124866,"Yes"
21,"Female","Engineer",36.9362084381282,0.267285833368078,"No"
28,"Female","Engineer",76.2953723780811,0.0697811234276742,"No"
21,"Female","Engineer",40.9990219771862,0.570517370710149,"Yes"
46,"Female","Driver",38.1078911572695,0.00417084177024662,"No"
68,"Male","Engineer",67.4549036286771,0.28090165136382,"No"
21,"Male","Doctor",31.7896565794945,0.280087198596448,"Yes"
48,"Female","Farmer",24.0833679027855,0.818229336291552,"Yes"
48,"Male","Farmer",21.1108023487031,0.117334311129525,"No"
41,"Male","Doctor",84.6548400260508,0.262164573185146,"No"
21,"Female","Engineer",84.2051623947918,0.43923281179741,"Yes"
34,"Female","Doctor",21.2035058997571,0.958384463563561,"No"
32,"Female","Engineer",67.623577490449,0.317625193158165,"Yes"
44,"Female","Engineer",44.589023180306,0.785344613250345,"No"
30,"Male","Engineer",68.4888695925474,0.131529556587338,"No"
51,"Female","Engineer",37.2470017895103,0.494531480595469,"No"
30,"Female","Doctor",95.829547252506,0.525210568681359,"No"
52,"Male","Engineer",28.4724533557892,0.886129127349705,"Yes"
21,"Female","Engineer",29.5592694170773,0.361683883937076,"Yes"
21,"Male","Farmer",31.2430047802627,0.466293301666155,"No"
85,"Male","Engineer",43.4284293092787,0.440077771432698,"Yes"
30,"Male","Engineer",67.8988989070058,0.713371852645651,"No"
40,"Male","Farmer",36.7227617278695,0.051185917807743,"Yes"
46,"Female","Doctor",56.1864859983325,0.701317793456838,"Yes"
29,"Male","Doctor",56.2263551726937,0.663476302055642,"No"
44,"Male","Engineer",50.5410742759705,0.663866388145834,"No"
42,"Female","Engineer",99.005856923759,0.499903665157035,"No"
33,"Female","Doctor",20.8119834400713,0.275332398945466,"Yes"
37,"Female","Engineer",89.2389552667737,0.373187934746966,"Yes"
35,"Female","Engineer",27.4158620834351,0.105495647992939,"No"
68,"Female","Farmer",34.5673976279795,0.254962129052728,"Yes"
25,"Male","Engineer",55.8212946169078,0.0463231480680406,"No"
21,"Female","Engineer",78.3272050134838,0.46960802632384,"No"
37,"Female","Driver",35.1969859004021,0.324088445864618,"No"
41,"Male","Engineer",31.1449143849313,0.209987332345918,"No"
43,"Female","Farmer",37.0234099403024,0.752631238428876,"No"
29,"Male","Farmer",33.4982580505311,0.243875527754426,"Yes"
21,"Male","Engineer",88.2428269460797,0.405538256047294,"No"
55,"Male","Farmer",79.2012477479875,0.703397483564913,"No"
31,"Female","Doctor",65.575305595994,0.114420277997851,"No"
23,"Female","Engineer",88.4268954023719,0.134756038198248,"No"
32,"Male","Engineer",31.8622913770378,0.984476802172139,"No"
33,"Female","Doctor",50.1965688355267,0.976772773312405,"Yes"
53,"Male","Engineer",45.571477971971,0.758663358399644,"No"
37,"Male","Engineer",22.394555080682,0.0300594780128449,"No"
47,"Female","Doctor",51.0287236981094,0.974209727486596,"No"
29,"Male","Farmer",76.7551219649613,0.76027034712024,"Yes"
39,"Male","Doctor",39.8527030460536,0.887442039093003,"Yes"
31,"Female","Doctor",71.8320291303098,0.221953105414286,"No"
37,"Male","Engineer",33.4007617086172,0.270474310731515,"No"
23,"Male","Driver",81.791414283216,0.607255024835467,"Yes"
21,"Male","Driver",58.3473924547434,0.340198587393388,"No"
66,"Male","Farmer",24.8296203836799,0.756969291251153,"No"
45,"Male","Engineer",81.6569843515754,0.074837414547801,"Yes"
21,"Male","Doctor",90.1609328389168,0.890628923662007,"No"
27,"Female","Farmer",67.1784469485283,0.770493616582826,"Yes"
21,"Female","Engineer",68.7814174778759,0.882698432309553,"Yes"
69,"Male","Engineer",53.6546242982149,0.947775728302076,"Yes"
56,"Male","Doctor",23.8811728544533,0.324005055939779,"No"
32,"Male","Farmer",72.0740373246372,0.178659718483686,"No"
44,"Female","Engineer",60.151807628572,0.149850057205185,"No"
30,"Female","Engineer",82.910281997174,0.114643478300422,"Yes"
29,"Male","Engineer",63.7621246650815,0.4712783775758,"No"
24,"Female","Engineer",55.5301567912102,0.811294877901673,"No"
27,"Male","Doctor",87.0237918011844,0.866742427926511,"No"
61,"Male","Engineer",74.0587979182601,0.0646991292014718,"No"
35,"Female","Doctor",24.1329513676465,0.731956482166424,"Yes"
38,"Female","Engineer",30.0788762979209,0.972672674106434,"Yes"
40,"Male","Engineer",86.109764687717,0.311117197619751,"Yes"
54,"Female","Driver",52.1142995543778,0.716385000618175,"No"
28,"Female","Doctor",60.4062392935157,0.595201869262382,"Yes"
21,"Male","Farmer",46.9707026705146,0.043182235211134,"No"
61,"Female","Engineer",69.9072057195008,0.449136870214716,"Yes"
29,"Female","Driver",66.2050895765424,0.638674824265763,"No"
25,"Male","Engineer",37.7798440866172,0.800675096455961,"Yes"
21,"Male","Farmer",71.1658954247832,0.541884244186804,"No"
21,"Female","Engineer",48.53959325701,0.881819662172347,"Yes"
27,"Female","Farmer",56.0647100768983,0.00678567541763186,"No"
45,"Male","Engineer",52.055345531553,0.446824809769168,"No"
53,"Male","Farmer",37.7419538423419,0.483305933652446,"No"
47,"Female","Doctor",39.8299999907613,0.793270056368783,"Yes"
31,"Male","Doctor",34.1007626242936,0.278514291858301,"No"
37,"Female","Farmer",54.5845560543239,0.590550301829353,"No"
25,"Female","Engineer",68.7754899263382,0.18745951121673,"No"
25,"Female","Doctor",52.7243777364492,0.807281748624519,"Yes"
49,"Male","Engineer",93.0066779255867,0.594337411224842,"Yes"
21,"Female","Doctor",42.4839087016881,0.272340123308823,"No"
65,"Male","Engineer",37.2480999492109,0.802584853023291,"No"
35,"Male","Engineer",64.1936127282679,0.604906654218212,"No"
39,"Female","Engineer",48.0154631473124,0.957916963612661,"No"
25,"Male","Doctor",95.043713785708,0.178609274560586,"No"
27,"Female","Farmer",70.3645684197545,0.00423785811290145,"No"
21,"Female","Doctor",54.958373811096,0.371761044254526,"Yes"
33,"Male","Farmer",43.1661720015109,0.771444173762575,"No"
42,"Female","Doctor",22.9330520890653,0.573127863928676,"No"
41,"Female","Doctor",63.8704907335341,0.170459474669769,"No"
24,"Male","Doctor",45.6299251317978,0.0893954313360155,"No"
24,"Female","Engineer",58.4815249033272,0.876226934604347,"No"
28,"Male","Doctor",84.7445499151945,0.145597515860572,"No"
58,"Female","Driver",37.5040181353688,0.635276664048433,"Yes"
21,"Male","Driver",27.1501052938402,0.446237698197365,"No"
33,"Male","Farmer",83.7710238434374,0.925765042891726,"No"
65,"Male","Farmer",33.9525656215847,0.611899788025767,"No"
34,"Female","Driver",84.1047587059438,0.0690689170733094,"No"
21,"Male","Doctor",22.9553771577775,0.516808290965855,"No"
26,"Female","Engineer",87.7692244946957,0.689569796435535,"No"
43,"Female","Farmer",85.731136854738,0.484905358403921,"No"
30,"Male","Engineer",91.8080334365368,0.616063921479508,"Yes"
28,"Male","Engineer",49.9437507987022,0.479125780053437,"Yes"
31,"Female","Doctor",44.5041077956557,0.852648963220417,"No"
37,"Male","Engineer",93.517124671489,0.267658462747931,"No"
60,"Female","Driver",45.6921005807817,0.408591941930354,"No"
35,"Female","Engineer",94.0253962017596,0.799616874195635,"No"
52,"Male","Engineer",68.243023827672,0.873691673390567,"No"
45,"Female","Farmer",66.4931614510715,0.538895408855751,"No"
34,"Female","Farmer",78.8543360307813,0.328174016438425,"No"
21,"Male","Doctor",51.9742959551513,0.578289140947163,"No"
28,"Male","Engineer",49.3655228614807,0.333875231444836,"No"
29,"Male","Engineer",54.4969096966088,0.158495636191219,"No"
37,"Female","Engineer",46.881747841835,0.510123794898391,"No"
56,"Female","Doctor",75.8469433896244,0.0364730621222407,"No"
70,"Male","Engineer",41.455854177475,0.142478027846664,"No"
59,"Female","Driver",88.2793921604753,0.171927361749113,"No"
34,"Female","Farmer",94.4685366004705,0.32398948748596,"No"
21,"Male","Engineer",57.1753625571728,0.353572801453993,"No"
30,"Female","Engineer",20.4854377172887,0.866501310374588,"No"
37,"Female","Engineer",95.2648706920445,0.356439318275079,"No"
49,"Female","Engineer",54.6766102127731,0.950715264771134,"No"
50,"Female","Engineer",86.6561000049114,0.48242254788056,"No"
46,"Female","Driver",61.2192821316421,0.867415025830269,"No"
21,"Female","Engineer",58.4030556678772,0.317623610142618,"Yes"
49,"Male","Farmer",31.5728901699185,0.33546748268418,"No"
29,"Male","Farmer",24.6356604248285,0.16140271932818,"No"
39,"Male","Engineer",72.0031239837408,0.624939525965601,"No"
37,"Female","Engineer",49.8843026161194,0.183409156277776,"No"
42,"Female","Doctor",21.966924071312,0.539228255394846,"No"
36,"Female","Engineer",25.9866771288216,0.196170892799273,"No"
21,"Female","Engineer",86.4162622019649,0.104010204318911,"No"
47,"Male","Engineer",78.7435444258153,0.330264386720955,"Yes"
42,"Female","Engineer",23.8496108539402,0.601568163139746,"No"
32,"Male","Doctor",78.0060962215066,0.69040890224278,"No"
38,"Male","Driver",21.1045373976231,0.204886458581313,"Yes"
38,"Female","Engineer",68.876520935446,0.415025478228927,"No"
39,"Male","Driver",37.8050882741809,0.144430361222476,"No"
61,"Female","Engineer",69.6393047645688,0.207557585090399,"No"
33,"Male","Farmer",65.1502984203398,0.76592900021933,"No"
39,"Male","Engineer",60.597565844655,0.481627172091976,"No"
54,"Female","Engineer",40.5872173979878,0.239493775647134,"Yes"
52,"Male","Engineer",48.712607100606,0.796401320723817,"No"
53,"Female","Engineer",43.0386349745095,0.44273098744452,"No"
27,"Female","Engineer",35.2010316960514,0.169949818635359,"No"
66,"Male","Engineer",70.4408178292215,0.165098886936903,"No"
37,"Female","Engineer",20.8617192693055,0.968649524264038,"No"
64,"Female","Farmer",31.5857962891459,0.522306962637231,"No"
21,"Male","Engineer",60.7494532503188,0.522533272858709,"No"
36,"Male","Engineer",57.2634408064187,0.688762810081244,"No"
55,"Male","Driver",61.6835558228195,0.788080188445747,"Yes"
25,"Female","Engineer",75.2587487921119,0.692357980180532,"No"
25,"Male","Engineer",99.9953085184097,0.879430215340108,"No"
22,"Female","Engineer",95.9095588698983,0.141129625262693,"No"
21,"Male","Doctor",96.1959523707628,0.265245271613821,"No"
29,"Male","Driver",74.7353124246001,0.895811759633943,"No"
41,"Female","Doctor",78.8917640037835,0.353910456877202,"No"
21,"Male","Farmer",96.5444528125226,0.932277706917375,"No"
39,"Male","Doctor",36.5808176994324,0.327124792151153,"No"
55,"Male","Engineer",73.9826599881053,0.645392445847392,"No"
67,"Female","Doctor",27.8144996427,0.521342861931771,"No"
56,"Male","Engineer",59.8965579457581,0.56256654066965,"No"
47,"Female","Farmer",80.6440506502986,0.498812911799178,"No"
21,"Female","Engineer",20.9614866226912,0.530824617017061,"Yes"
27,"Male","Farmer",32.7900995314121,0.383137032622471,"No"
31,"Male","Doctor",28.8281556963921,0.601621325593442,"No"
47,"Male","Engineer",84.2392142489552,0.263180742505938,"No"
34,"Female","Farmer",49.9901941418648,0.646698994329199,"No"
21,"Male","Engineer",70.4510892368853,0.666055621346459,"No"
61,"Female","Engineer",80.9481076523662,0.554414891405031,"Yes"
50,"Male","Doctor",39.8895833641291,0.30821161204949,"No"
40,"Male","Farmer",49.8825465887785,0.743387126363814,"No"
54,"Male","Engineer",47.1580154821277,0.847049769479781,"Yes"
21,"Female","Doctor",76.5326681360602,0.368522705044597,"No"
46,"Male","Engineer",65.7330366224051,0.441243496257812,"Yes"
28,"Female","Farmer",31.4965669438243,0.870623822091147,"No"
46,"Female","Doctor",43.7325941771269,0.40884764236398,"No"
35,"Female","Engineer",51.359397675842,0.484970291377977,"No"
45,"Female","Farmer",61.7762390710413,0.503711907658726,"Yes"
56,"Female","Engineer",66.8718544766307,0.0395703362300992,"No"
36,"Male","Doctor",44.7260946966708,0.395284135360271,"No"
51,"Female","Engineer",48.7722622416914,0.460283162072301,"No"
21,"Female","Engineer",94.3446858599782,0.556929056998342,"Yes"
25,"Male","Farmer",63.5934405215085,0.672569853020832,"No"
59,"Male","Doctor",67.1220418438315,0.682279258733615,"No"
42,"Male","Farmer",40.0952428393066,0.890657377196476,"No"
21,"Female","Engineer",51.101375631988,0.666037084534764,"No"
21,"Female","Doctor",71.6741004772484,0.524005986517295,"No"
33,"Male","Doctor",49.2212842777371,0.311028082855046,"Yes"
49,"Male","Driver",57.415932007134,0.0261856447905302,"No"
34,"Male","Doctor",34.1614472493529,0.130041538504884,"No"
45,"Male","Engineer",58.4989559091628,0.501927584875375,"No"
50,"Female","Driver",94.5264199562371,0.510923856170848,"Yes"
61,"Male","Farmer",22.0528343878686,0.115222776075825,"No"
37,"Male","Engineer",50.654712151736,0.256133808754385,"No"
35,"Female","Engineer",40.0208817236125,0.164506047498435,"No"
21,"Female","Farmer",66.2117458321154,0.279396317433566,"No"
37,"Male","Engineer",25.4527136310935,0.152533704880625,"Yes"
27,"Female","Farmer",72.0291752554476,0.428908013273031,"No"
21,"Female","Farmer",24.3334350176156,0.212079420918599,"No"
33,"Female","Engineer",43.2850979454815,0.0779956290498376,"No"
51,"Male","Driver",44.8555496707559,0.872257839189842,"No"
21,"Male","Engineer",55.3354261629283,0.214177498826757,"Yes"
30,"Female","Farmer",54.8900879360735,0.202837459510192,"No"
38,"Male","Engineer",99.3743389844894,0.316553876036778,"Yes"
23,"Female","Engineer",68.9313296601176,0.330308026401326,"Yes"
41,"Female","Doctor",45.2001198194921,0.769229526864365,"No"
42,"Female","Engineer",88.9937071502209,0.573061312083155,"Yes"
36,"Female","Doctor",47.015671916306,0.162118077743798,"No"
21,"Female","Driver",73.7298715114594,0.813368955627084,"Yes"
75,"Female","Doctor",91.9612070545554,0.921967917354777,"No"
33,"Male","Doctor",87.5398232974112,0.252480290364474,"Yes"
46,"Male","Engineer",27.167954556644,0.751432761084288,"Yes"
40,"Female","Farmer",43.9469053223729,0.204338553361595,"Yes"
51,"Male","Farmer",62.469482999295,0.829243324464187,"Yes"
48,"Female","Engineer",50.3281578980386,0.302014371147379,"Yes"
33,"Female","Engineer",87.6200693845749,0.766608599107713,"No"
42,"Female","Farmer",88.8861253112555,0.120655005332083,"No"
22,"Male","Engineer",74.5070627145469,0.844651378458366,"No"
49,"Male","Engineer",60.0385277345777,0.821222333004698,"No"
29,"Male","Doctor",84.0759284608066,0.853889807360247,"No"
72,"Male","Farmer",23.7163889035583,0.0145563122350723,"No"
21,"Female","Doctor",40.9422604367137,0.0379260822664946,"No"
29,"Female","Engineer",35.8897162228823,0.298856538254768,"No"
48,"Female","Driver",85.2918255142868,0.326690503861755,"No"
44,"Female","Engineer",87.4539858289063,0.0747725628316402,"No"
27,"Female","Driver",86.6245087608695,0.708082194440067,"No"
21,"Male","Engineer",41.6549415700138,0.0251863833982497,"Yes"
38,"Female","Farmer",21.5595138259232,0.824060465209186,"No"
36,"Female","Doctor",70.4480378143489,0.511431400198489,"No"
21,"Male","Doctor",79.844661578536,0.766707665054128,"No"
37,"Female","Farmer",60.4539077728987,0.938004500931129,"No"
39,"Female","Engineer",49.1703733615577,0.54196100262925,"Yes"
39,"Male","Engineer",44.7856854833663,0.94893776695244,"No"
21,"Female","Engineer",48.7683497555554,0.316944666905329,"No"
43,"Male","Engineer",49.0299442969263,0.286793637787923,"No"
57,"Female","Engineer",63.091935031116,0.968380624894053,"No"
43,"Male","Driver",72.189412061125,0.242915254086256,"Yes"
21,"Male","Engineer",52.2729581780732,0.799734601518139,"Yes"
29,"Female","Engineer",66.6401438601315,0.295210406882688,"No"
41,"Male","Doctor",75.6618769094348,0.69678560225293,"No"
26,"Male","Doctor",91.3218681886792,0.761182111222297,"No"
21,"Female","Engineer",95.8367299847305,0.273730296408758,"No"
49,"Female","Engineer",53.6648611724377,0.0052081102039665,"Yes"
24,"Female","Engineer",70.9283137135208,0.422099937684834,"No"
27,"Male","Engineer",34.2359519191086,0.597816918743774,"No"
59,"Male","Driver",26.4253261871636,0.442167372209951,"No"
24,"Female","Doctor",65.2706713415682,0.342540168203413,"No"
49,"Male","Doctor",85.3591484576464,0.516646391712129,"Yes"
21,"Male","Doctor",80.7759173028171,0.228456840151921,"No"
31,"Male","Doctor",65.7459159940481,0.28941998607479,"No"
35,"Male","Engineer",99.100348148495,0.0224217223003507,"No"
21,"Male","Engineer",99.6137211099267,0.52836652006954,"No"
26,"Female","Engineer",45.7149952463806,0.418463251553476,"No"
36,"Male","Engineer",33.7614335492253,0.974797966191545,"Yes"
46,"Male","Engineer",49.7662746347487,0.0495680016465485,"No"
21,"Female","Engineer",63.1159133464098,0.638501224806532,"No"
31,"Female","Driver",84.8995939269662,0.493893287843093,"Yes"
47,"Male","Engineer",75.8947703242302,0.00470625306479633,"No"
28,"Male","Driver",91.9962726905942,0.185419822111726,"No"
39,"Female","Engineer",77.8606946766376,0.634250906761736,"No"
43,"Male","Engineer",40.4040036536753,0.518472290132195,"No"
40,"Male","Doctor",44.6937332488596,0.891679307213053,"No"
46,"Female","Engineer",79.7469890676439,0.677602164214477,"No"
34,"Female","Farmer",36.4196969754994,0.513767990283668,"No"
30,"Male","Driver",42.8786652907729,0.307222480885684,"Yes"
21,"Female","Doctor",91.909664105624,0.397389320190996,"Yes"
35,"Female","Farmer",33.4384028427303,0.15329617401585,"No"
42,"Female","Engineer",31.4877280034125,0.379808947909623,"No"
44,"Male","Farmer",78.6781046353281,0.270354156615213,"No"
28,"Female","Engineer",63.4268507733941,0.945289759431034,"No"
63,"Male","Engineer",63.3925030939281,0.252260401844978,"No"
40,"Male","Doctor",76.2521422095597,0.735731441294774,"Yes"
38,"Female","Driver",72.1187440305948,0.0676825018599629,"No"
55,"Female","Doctor",80.896568428725,0.370808993699029,"No"
25,"Male","Engineer",42.4630046822131,0.217513533541933,"No"
29,"Female","Engineer",98.7272795476019,0.878981720656157,"No"
72,"Female","Farmer",97.0937116257846,0.423320848494768,"Yes"
36,"Male","Doctor",22.2472187317908,0.321035557193682,"Yes"
61,"Female","Doctor",79.7653481177986,0.412611112929881,"Yes"
21,"Male","Farmer",49.342134334147,0.156395986443385,"No"
33,"Male","Engineer",48.3241980522871,0.629126869840547,"No"
42,"Female","Engineer",21.5517361089587,0.769396605435759,"No"
41,"Female","Engineer",80.7115107774734,0.90179990651086,"Yes"
21,"Male","Doctor",32.6094675250351,0.610150262247771,"Yes"
36,"Female","Engineer",28.9820539951324,0.630686094984412,"Yes"
21,"Male","Engineer",77.1050955913961,0.662064179545268,"Yes"
47,"Female","Driver",55.6175161898136,0.929999449523166,"Yes"
52,"Male","Driver",22.0912658050656,0.992246342124417,"No"
21,"Female","Doctor",93.5795943066478,0.258516423171386,"Yes"
55,"Male","Engineer",82.7944288961589,0.290843199007213,"No"
21,"Male","Doctor",54.0087505429983,0.911599162733182,"No"
43,"Female","Farmer",30.3310844488442,0.373307226924226,"No"
46,"Female","Doctor",85.4974413104355,0.723546234425157,"Yes"
33,"Female","Doctor",77.3445381037891,0.839972241548821,"No"
26,"Female","Engineer",52.9749842733145,0.116687704576179,"No"
38,"Male","Engineer",33.992936257273,0.844545478001237,"Yes"
43,"Female","Engineer",20.8624115586281,0.6562209201511,"No"
49,"Female","Engineer",47.2722187638283,0.00928067928180099,"Yes"
21,"Female","Doctor",35.1497672870755,0.107914991211146,"No"
21,"Male","Engineer",64.9874024279416,0.427167166024446,"No"
57,"Male","Engineer",67.0503509044647,0.828239374328405,"No"
52,"Female","Engineer",42.5404700450599,0.335267300950363,"No"
43,"Female","Engineer",94.0791101567447,0.294686056207865,"Yes"
47,"Male","Engineer",76.3217943906784,0.906770662637427,"Yes"
50,"Male","Engineer",42.1164823882282,0.406673585763201,"No"
21,"Male","Engineer",77.2145177610219,0.567653727019206,"No"
53,"Male","Engineer",68.6974323168397,0.24839899991639,"No"
29,"Female","Doctor",52.6571608148515,0.134266011184081,"Yes"
39,"Male","Doctor",33.3854135125875,0.197057573823258,"Yes"
32,"Female","Engineer",21.9570415094495,0.530114248162135,"No"
49,"Female","Driver",32.376486863941,0.955635407241061,"No"
31,"Male","Doctor",66.9265925697982,0.419968307483941,"No"
44,"Male","Engineer",37.4788796529174,0.839353556046262,"Yes"
30,"Female","Engineer",23.5513320192695,0.0796989956870675,"Yes"
21,"Female","Doctor",93.1608048640192,0.750229800818488,"No"
54,"Female","Driver",89.611472543329,0.266070507233962,"Yes"
47,"Female","Farmer",86.117658726871,0.529343610629439,"No"
62,"Female","Engineer",68.7736611627042,0.0450715275947005,"No"
37,"Female","Engineer",77.890556063503,0.769236212363467,"No"
53,"Female","Engineer",83.7506917119026,0.910527361789718,"No"
66,"Female","Engineer",89.4139097817242,0.74592234287411,"No"
32,"Female","Engineer",76.027181725949,0.0974120972678065,"No"
21,"Female","Farmer",46.8502355180681,0.945590116782114,"No"
32,"Male","Farmer",59.8112384974957,0.178528119809926,"Yes"
33,"Female","Engineer",82.0996996574104,0.802348509430885,"No"
38,"Female","Doctor",53.5326923057437,0.671268182341009,"No"
62,"Male","Engineer",66.6417190805078,0.418321632547304,"Yes"
31,"Female","Engineer",44.0443218871951,0.753507938003168,"Yes"
42,"Male","Doctor",31.7652667686343,0.41492539527826,"No"
33,"Female","Driver",42.0443119108677,0.594031544402242,"Yes"
36,"Female","Engineer",36.2375394627452,0.31986634596251,"No"
41,"Female","Doctor",38.0156318098307,0.646481221308932,"No"
56,"Male","Engineer",61.5967916510999,0.358026617206633,"No"
38,"Female","Engineer",93.6498535051942,0.871845878660679,"No"
47,"Male","Engineer",66.5168042853475,0.40645099664107,"No"
48,"Female","Engineer",40.9200478158891,0.455829912098125,"Yes"
50,"Female","Driver",49.9175517261028,0.889312626095489,"No"
27,"Male","Farmer",65.08311226964,0.65208290447481,"Yes"
60,"Female","Farmer",32.7604608982801,0.00994650996290147,"No"
30,"Male","Farmer",73.6641871742904,0.655558878323063,"Yes"
34,"Male","Engineer",21.4615104719996,0.241387655958533,"Yes"
57,"Female","Engineer",20.9910591691732,0.965548790758476,"No"
55,"Male","Engineer",73.1733995303512,0.447143858298659,"Yes"
21,"Male","Farmer",36.4450979791582,0.668631078675389,"No"
23,"Male","Engineer",50.7114534638822,0.0997007810510695,"Yes"
21,"Male","Farmer",32.7602905221283,0.206725383643061,"No"
39,"Male","Driver",76.6841979511082,0.94728719163686,"No"
38,"Female","Doctor",69.1800687462091,0.568032069131732,"No"
41,"Male","Doctor",24.8852280341089,0.407512558624148,"Yes"
44,"Female","Engineer",52.5004337355494,0.57979551050812,"No"
27,"Male","Engineer",28.4033393487334,0.132014667382464,"No"
21,"Male","Engineer",52.2004480659962,0.497967559145764,"Yes"
51,"Male","Farmer",56.454126983881,0.186299990629777,"No"
47,"Female","Engineer",69.9716197140515,0.24049732554704,"No"
21,"Male","Engineer",26.3084224052727,0.808503576321527,"Yes"
35,"Female","Doctor",47.3586179688573,0.678555760066956,"No"
23,"Male","Engineer",21.8949032574892,0.969189246417955,"Yes"
21,"Male","Engineer",47.3213150724769,0.138442653464153,"No"
38,"Male","Doctor",82.6688978634775,0.450551343150437,"No"
35,"Male","Farmer",79.2968185432255,0.489569956669584,"No"
35,"Female","Driver",85.293688736856,0.542616936843842,"Yes"
39,"Female","Engineer",24.4450652785599,0.456333316164091,"No"
49,"Female","Doctor",32.1210830099881,0.171428566798568,"Yes"
39,"Female","Engineer",72.2484758123755,0.714840275235474,"No"
27,"Male","Doctor",51.4231194928288,0.906021132133901,"Yes"
25,"Male","Engineer",34.7018982842565,0.290289425291121,"No"
34,"Female","Engineer",30.2722365222871,0.765054655494168,"No"
41,"Male","Engineer",30.3117068484426,0.929564975667745,"No"
21,"Male","Farmer",69.9328603409231,0.00992281781509519,"No"
33,"Female","Engineer",60.1602189056575,0.500481336610392,"No"
51,"Male","Engineer",59.0529444441199,0.259388251462951,"No"
34,"Male","Doctor",89.8253110796213,0.462137064663693,"No"
26,"Male","Engineer",35.3838129527867,0.407446877099574,"No"
32,"Female","Engineer",80.776264667511,0.835311874980107,"No"
53,"Female","Engineer",37.5520862825215,0.133896213723347,"No"
44,"Male","Engineer",32.5321837514639,0.869531350908801,"No"
55,"Female","Engineer",31.5279528871179,0.392340450547636,"No"
38,"Female","Farmer",90.908435434103,0.620009697740898,"Yes"
42,"Male","Driver",73.4973916783929,0.128514517098665,"No"
28,"Male","Farmer",56.5440173633397,0.881674414733425,"No"
45,"Male","Engineer",77.280254252255,0.64031763933599,"No"
28,"Male","Farmer",76.5725347772241,0.511992503888905,"No"
21,"Male","Doctor",71.7374444566667,0.63143061590381,"Yes"
38,"Male","Doctor",93.2778647169471,0.964617025339976,"No"
65,"Male","Farmer",35.9716052003205,0.791312667075545,"No"
48,"Female","Engineer",54.7994204983115,0.948998812353238,"Yes"
53,"Female","Farmer",22.9628719575703,0.661461870186031,"No"
41,"Male","Engineer",32.5933691672981,0.455766988452524,"Yes"
27,"Male","Engineer",76.1798023991287,0.944544750964269,"No"
33,"Male","Engineer",79.2062745802104,0.669426065403968,"No"
32,"Male","Engineer",54.3784836493433,0.349697278579697,"No"
29,"Female","Driver",48.0747167952359,0.346710762940347,"Yes"
47,"Male","Engineer",58.7431035004556,0.0156474222894758,"No"
21,"Male","Doctor",21.8886526301503,0.451290684984997,"Yes"
49,"Male","Driver",87.9195133410394,0.510235425084829,"No"
49,"Male","Driver",72.2117269411683,0.0602292632684112,"No"
21,"Female","Doctor",34.8632398061454,0.742105067241937,"No"
46,"Male","Farmer",63.790135961026,0.153133157407865,"No"
72,"Female","Engineer",89.8953087627888,0.34412333718501,"No"
28,"Female","Farmer",38.3604245260358,0.380703540053219,"Yes"
49,"Male","Driver",47.1786526218057,0.919374490855262,"No"
24,"Female","Engineer",82.0944332145154,0.637143384898081,"Yes"
53,"Male","Farmer",39.0291819348931,0.863191005308181,"Yes"
40,"Female","Farmer",26.1132764071226,0.412871347041801,"Yes"
61,"Male","Engineer",53.4795684926212,0.704536548117176,"No"
21,"Male","Farmer",35.9555419534445,0.197278121253476,"No"
35,"Female","Engineer",72.1391214430332,0.527813529362902,"No"
28,"Female","Engineer",69.7359960526228,0.899794371798635,"No"
33,"Female","Engineer",53.4336584247649,0.290645267581567,"No"
27,"Female","Engineer",31.8949735164642,0.305627690628171,"No"
23,"Female","Doctor",34.7140154056251,0.429776436649263,"No"
45,"Male","Engineer",54.0288389474154,0.886698084883392,"No"
21,"Female","Engineer",51.1292652226985,0.6805287420284,"No"
58,"Female","Doctor",24.5802330598235,0.437791868112981,"No"
21,"Female","Doctor",20.4409674368799,0.833427071338519,"No"
38,"Male","Driver",90.6399170681834,0.242005070438609,"No"
44,"Female","Engineer",44.4437816180289,0.383571263868362,"No"
45,"Female","Driver",96.9981661066413,0.120266311103478,"No"
31,"Female","Doctor",74.0634290501475,0.233229285571724,"No"
37,"Male","Farmer",88.3438038267195,0.68757534888573,"Yes"
50,"Female","Farmer",54.6236921660602,0.993349484633654,"Yes"
21,"Male","Doctor",94.0477306954563,0.832168091554195,"No"
24,"Female","Doctor",80.3501428849995,0.697965207044035,"Yes"
41,"Female","Driver",42.1634913608432,0.524841830832884,"Yes"
29,"Female","Farmer",74.9208150431514,0.183102914365008,"Yes"
57,"Female","Farmer",93.7077803164721,0.982141824206337,"No"
46,"Female","Engineer",79.2596736177802,0.824067794485018,"Yes"
37,"Female","Engineer",73.8004840351641,0.96828719926998,"No"
21,"Female","Doctor",79.5281918719411,0.524593750480562,"No"
36,"Male","Engineer",29.0684834867716,0.744078590301797,"No"
31,"Male","Farmer",23.2843413949013,0.795821736566722,"No"
34,"Female","Engineer",49.8496486060321,0.501426970819011,"No"
21,"Male","Engineer",60.1327572762966,0.520654758205637,"No"
43,"Female","Farmer",96.030735168606,0.704712382750586,"No"
21,"Female","Driver",95.87650898844,0.476703439606354,"No"
33,"Male","Engineer",71.5694655478001,0.294094034237787,"No"
42,"Male","Engineer",45.235296189785,0.536099403165281,"Yes"
24,"Male","Farmer",62.5892936624587,0.589245939394459,"No"
45,"Male","Doctor",73.97235956043,0.6601163870655,"Yes"
21,"Female","Engineer",88.5757559351623,0.956205694703385,"No"
21,"Male","Doctor",64.5608306489885,0.270902507239953,"Yes"
43,"Male","Doctor",27.5514522753656,0.264743187930435,"No"
49,"Male","Doctor",76.8992369808257,0.256116956705227,"No"
32,"Female","Engineer",86.8177292309701,0.435035641305149,"No"
44,"Female","Engineer",51.423954796046,0.426701113115996,"No"
21,"Male","Driver",35.5781635642052,0.391369761433452,"No"
34,"Female","Doctor",40.6716557964683,0.568006620975211,"No"
21,"Male","Driver",22.9717060923576,0.373027727007866,"No"
54,"Male","Engineer",62.2946771606803,0.375478987349197,"No"
64,"Female","Doctor",67.2609839215875,0.306581801036373,"No"
52,"Female","Engineer",66.5850576013327,0.624372346093878,"No"
36,"Male","Doctor",91.7635485157371,0.164641103940085,"Yes"
36,"Female","Engineer",54.118736628443,0.13528836495243,"Yes"
21,"Male","Engineer",39.0065968036652,0.082020609639585,"No"
48,"Female","Engineer",61.0032755322754,0.0762210579123348,"Yes"
33,"Female","Farmer",25.3206796012819,0.690037431195378,"Yes"
26,"Male","Farmer",72.7674199827015,0.970755215268582,"No"
21,"Female","Doctor",78.7694560363889,0.792530603706837,"Yes"
32,"Male","Driver",37.5056168809533,0.654639614513144,"No"
23,"Male","Engineer",35.1853215321898,0.69013705663383,"No"
30,"Male","Doctor",89.823175240308,0.345673357602209,"No"
21,"Female","Doctor",43.3493490703404,0.644054788397625,"No"
61,"Female","Doctor",98.8898800127208,0.389754922827706,"Yes"
36,"Female","Engineer",78.3316678926349,0.124292010674253,"No"
52,"Male","Engineer",94.4151758402586,0.783807958010584,"No"
21,"Male","Engineer",80.1407922059298,0.86808240856044,"No"
29,"Female","Doctor",45.981124099344,0.416708644712344,"No"
26,"Male","Doctor",50.032572299242,0.649000793462619,"Yes"
21,"Female","Engineer",22.7328185550869,0.576173919020221,"Yes"
59,"Male","Farmer",91.5861632302403,0.894076148048043,"Yes"
21,"Male","Doctor",61.728902105242,0.395610421197489,"No"
41,"Female","Doctor",47.5842151045799,0.396489610895514,"Yes"
49,"Female","Engineer",84.8515470325947,0.308047965401784,"No"
39,"Male","Engineer",83.3459256961942,0.0971305870916694,"No"
23,"Male","Doctor",82.5397553853691,0.726476098876446,"No"
50,"Male","Driver",62.5631034001708,0.889751142356545,"No"
39,"Female","Engineer",28.751677647233,0.556260373909026,"Yes"
21,"Female","Engineer",91.0671607591212,0.131580103654414,"No"
21,"Female","Engineer",30.6257861666381,0.903509787516668,"No"
67,"Female","Engineer",86.3819677941501,0.396514372434467,"No"
26,"Male","Engineer",64.2558195255697,0.130210451316088,"Yes"
21,"Male","Engineer",64.5816677995026,0.899600981036201,"No"
44,"Female","Engineer",78.7495367415249,0.446184417232871,"No"
41,"Female","Doctor",51.0765263810754,0.433474555844441,"No"
21,"Female","Farmer",84.6919866092503,0.41722843516618,"No"
21,"Female","Engineer",88.1683719344437,0.314158542547375,"Yes"
34,"Male","Doctor",83.4289608895779,0.141218184260651,"No"
53,"Male","Engineer",53.3586629666388,0.790469069033861,"Yes"
46,"Male","Doctor",33.3222641423345,0.840826068073511,"Yes"
29,"Female","Doctor",77.9872684180737,0.192970015807077,"No"
23,"Female","Engineer",27.5726429000497,0.457235932117328,"No"
40,"Male","Engineer",24.5499241165817,0.252781829563901,"Yes"
38,"Female","Driver",21.7666071094573,0.082940953085199,"No"
45,"Female","Engineer",72.1830120123923,0.769054801901802,"No"
30,"Male","Doctor",75.4557558894157,0.276878212345764,"No"
49,"Male","Driver",34.8079377226532,0.505078139482066,"No"
24,"Male","Engineer",83.6957068741322,0.134507541079074,"No"
31,"Female","Engineer",83.2639356702566,0.477234935155138,"Yes"
47,"Male","Doctor",70.5206614546478,0.850618213415146,"No"
51,"Female","Farmer",96.4266247861087,0.0140688149258494,"Yes"
21,"Male","Farmer",31.5817245468497,0.994503231020644,"No"
38,"Male","Engineer",24.8842650279403,0.789007346378639,"Yes"
45,"Male","Engineer",95.3221096470952,0.250246002571657,"Yes"
21,"Female","Farmer",87.739323079586,0.740523375803605,"No"
43,"Female","Driver",48.4509300999343,0.463257655268535,"No"
24,"Male","Doctor",52.1022797934711,0.0354561607819051,"Yes"
51,"Female","Engineer",96.9906611740589,0.610159601550549,"Yes"
44,"Male","Doctor",27.7907294407487,0.400266153970733,"Yes"
48,"Female","Farmer",76.7456750571728,0.996625272091478,"No"
38,"Male","Doctor",64.2987436428666,0.44258798356168,"Yes"
49,"Female","Doctor",90.6430270336568,0.00992944138124585,"No"
57,"Female","Farmer",78.638584651053,0.0254429480992258,"No"
65,"Male","Engineer",70.3622015193105,0.303641468752176,"No"
36,"Female","Driver",32.4400610476732,0.124336692271754,"No"
21,"Female","Engineer",57.9380359500647,0.114527877420187,"No"
36,"Male","Engineer",54.8149934783578,0.452048735925928,"No"
39,"Female","Engineer",32.4510430917144,0.409968971507624,"Yes"
34,"Male","Engineer",86.650981195271,0.271338114747778,"No"
45,"Female","Engineer",43.0597328953445,0.391312735155225,"Yes"
51,"Female","Farmer",70.870928671211,0.556339438306168,"No"
28,"Female","Farmer",58.4970909543335,0.232753530377522,"No"
32,"Female","Engineer",65.2856151759624,0.0474225217476487,"No"
42,"Male","Engineer",68.8845314271748,0.966684563085437,"Yes"
28,"Female","Driver",28.484017290175,0.159766392083839,"No"
37,"Female","Driver",58.9399911090732,0.601435825228691,"No"
21,"Female","Doctor",32.9886344261467,0.938520800089464,"Yes"
21,"Female","Driver",54.3497991189361,0.99165769922547,"No"
21,"Male","Doctor",73.6380405910313,0.591430039843544,"Yes"
23,"Female","Engineer",65.8233170583844,0.79492128896527,"No"
26,"Female","Engineer",41.3500652462244,0.0877460413612425,"No"
42,"Female","Doctor",44.0007920004427,0.102879727026448,"No"
51,"Female","Driver",20.8554129302502,0.13039657426998,"No"
25,"Male","Engineer",43.6800707690418,0.225577395875007,"Yes"
21,"Male","Farmer",76.3044665195048,0.335205831797794,"No"
21,"Female","Engineer",25.8189704827964,0.607588157989085,"Yes"
30,"Male","Engineer",97.9714871197939,0.196384585462511,"No"
32,"Female","Farmer",84.1039467975497,0.281666179420426,"No"
43,"Male","Driver",91.2802107073367,0.0808805483393371,"No"
31,"Female","Farmer",61.4973147213459,0.638439101632684,"No"
21,"Male","Engineer",47.472569681704,0.857420127606019,"No"
35,"Female","Engineer",57.3342084139585,0.768090438097715,"No"
54,"Female","Engineer",28.6912817507982,0.604314306052402,"No"
54,"Female","Engineer",38.3497113361955,0.663167097838596,"No"
24,"Male","Engineer",49.9899403564632,0.746912532253191,"Yes"
21,"Male","Engineer",52.1723749302328,0.446458999766037,"No"
73,"Male","Engineer",73.2750012353063,0.207227555569261,"Yes"
34,"Female","Doctor",31.0853112861514,0.259937228169292,"Yes"
35,"Male","Farmer",57.1517119929194,0.433783041313291,"No"
42,"Male","Engineer",31.7616514116526,0.0986433159559965,"Yes"
21,"Male","Engineer",64.2262275889516,0.0331326823215932,"Yes"
25,"Female","Engineer",22.1996174380183,0.633408644702286,"Yes"
21,"Male","Engineer",84.3985311686993,0.537709747441113,"Yes"
26,"Female","Driver",86.950069386512,0.821823244215921,"Yes"
38,"Male","Engineer",36.113960519433,0.661507750628516,"No"
21,"Female","Driver",64.0095854178071,0.468250090721995,"Yes"
45,"Male","Farmer",69.036181140691,0.858521989779547,"Yes"
40,"Male","Engineer",30.563598126173,0.774460582761094,"No"
22,"Male","Engineer",75.7839117199183,0.382336365059018,"Yes"
39,"Male","Farmer",90.21957969293,0.987044057808816,"No"
47,"Female","Engineer",96.0316544212401,0.213620403781533,"No"
52,"Male","Engineer",78.7104373984039,0.973432448226959,"No"
33,"Female","Engineer",20.1370626874268,0.45091725862585,"No"
35,"Female","Driver",81.6857695952058,0.310333422385156,"No"
35,"Female","Doctor",47.536099050194,0.85921572917141,"Yes"
58,"Female","Farmer",52.855195235461,0.707711637951434,"No"
53,"Male","Engineer",20.2506511099637,0.556967288954183,"Yes"
49,"Female","Doctor",46.8955462425947,0.241273909341544,"No"
32,"Female","Driver",45.9508316405118,0.524398324312642,"No"
42,"Male","Engineer",56.8756109662354,0.754844236420467,"No"
42,"Male","Doctor",86.0259776934981,0.499853737885132,"Yes"
21,"Male","Farmer",72.5718037597835,0.476729690562934,"No"
21,"Female","Engineer",49.3294171616435,0.503565398976207,"No"
46,"Male","Engineer",83.0495892465115,0.609335513785481,"No"
21,"Male","Driver",50.5313170142472,0.493534679524601,"Yes"
36,"Male","Engineer",95.521819293499,0.195166228571907,"No"
40,"Male","Doctor",81.745310742408,0.512119662482291,"Yes"
44,"Male","Engineer",44.4281148910522,0.885971282375976,"No"
39,"Female","Engineer",39.2769264057279,0.0760052686091512,"Yes"
25,"Female","Engineer",32.3934675753117,0.466456667985767,"No"
51,"Female","Engineer",91.0519110038877,0.86589687038213,"No"
62,"Female","Farmer",63.2134936563671,0.327827531844378,"Yes"
49,"Male","Doctor",92.518219165504,0.595122950384393,"No"
21,"Male","Engineer",99.8995902948081,0.469462373992428,"No"
57,"Female","Engineer",64.4165806099772,0.759672692744061,"No"
35,"Male","Engineer",46.7281126603484,0.530448920559138,"No"
44,"Female","Driver",73.4957433119416,0.96869928133674,"Yes"
45,"Male","Driver",89.9229164049029,0.949170554755256,"Yes"
35,"Male","Engineer",98.2348018698394,0.574994817143306,"No"
35,"Male","Driver",52.3171722888947,0.133343587163836,"No"
51,"Male","Engineer",78.7500881776214,0.253280389821157,"No"
47,"Female","Farmer",45.2905441261828,0.993033596780151,"No"
51,"Female","Engineer",56.5308199264109,0.407774393679574,"No"
72,"Female","Driver",39.0978202596307,0.219668760895729,"No"
46,"Female","Engineer",75.3874135576189,0.348245757864788,"No"
39,"Male","Doctor",53.3078556507826,0.569320068927482,"No"
21,"Male","Farmer",75.1838750950992,0.0303398598916829,"No"
76,"Female","Engineer",95.9746130742133,0.0197882803622633,"Yes"
29,"Female","Engineer",24.0757404826581,0.335455256979913,"No"
72,"Female","Farmer",69.4892435707152,0.256407575914636,"No"
42,"Male","Engineer",79.732172023505,0.0227159229107201,"No"
59,"Male","Farmer",74.9589952267706,0.767846543341875,"No"
34,"Female","Engineer",89.9579102545977,0.780939901713282,"No"
44,"Female","Driver",83.9352963492274,0.693302426952869,"Yes"
39,"Male","Engineer",90.6044607982039,0.0510758277960122,"No"
33,"Female","Engineer",98.4684181027114,0.659306876827031,"No"
34,"Female","Doctor",63.8871595822275,0.762670953990892,"No"
51,"Female","Doctor",82.4810370244086,0.320333901094273,"Yes"
33,"Male","Engineer",66.3587356358767,0.403981582028791,"No"
21,"Male","Farmer",26.1419118382037,0.0326227385085076,"Yes"
33,"Female","Engineer",57.5034446455538,0.492226612986997,"No"
44,"Male","Engineer",32.054586596787,0.141674904618412,"Yes"
45,"Female","Driver",64.501871895045,0.799158428795636,"No"
45,"Male","Engineer",24.4783070497215,0.409112413413823,"No"
21,"Female","Driver",78.9233243092895,0.936434737406671,"No"
42,"Male","Farmer",20.1756775937974,0.73290976556018,"No"
51,"Female","Farmer",26.9851602986455,0.434962694533169,"No"
55,"Male","Engineer",92.1281611919403,0.798828898463398,"No"
33,"Female","Driver",97.9326352290809,0.366301286499947,"No"
31,"Male","Doctor",44.8600478470325,0.380987584823743,"No"
58,"Male","Engineer",71.3595078885555,0.673547648126259,"No"
21,"Female","Farmer",72.2854186780751,0.43976993393153,"Yes"
29,"Female","Driver",68.9825562760234,0.712605291511863,"Yes"
43,"Female","Driver",90.5057050101459,0.435317671624944,"No"
21,"Female","Engineer",82.5197142735124,0.665371888782829,"No"
40,"Male","Engineer",44.3507244437933,0.523064164444804,"No"
64,"Male","Farmer",24.3210586905479,0.903585814172402,"No"
36,"Male","Farmer",55.7054980099201,0.937871080357581,"No"
32,"Female","Engineer",54.0814013965428,0.961100028827786,"No"
43,"Female","Engineer",70.9541421197355,0.233701042598113,"No"
32,"Female","Farmer",79.5761921070516,0.431445191148669,"Yes"
48,"Female","Engineer",67.1481857262552,0.418878763681278,"No"
50,"Male","Engineer",57.0282991230488,0.15958448452875,"Yes"
36,"Female","Driver",37.5497754849494,0.531374832149595,"No"
21,"Male","Engineer",56.2783502042294,0.933500952785835,"Yes"
21,"Male","Farmer",81.4043288864195,0.090404890011996,"Yes"
27,"Male","Engineer",40.6591960042715,0.656400331994519,"No"
48,"Male","Engineer",76.5873396396637,0.178517586784437,"Yes"
21,"Female","Engineer",82.2980439849198,0.248582121450454,"No"
21,"Male","Farmer",50.9201137721539,0.57936214376241,"No"
26,"Male","Doctor",44.684849511832,0.0991532250773162,"No"
42,"Female","Engineer",28.8625447265804,0.665335506899282,"No"
22,"Female","Engineer",58.3912480063736,0.620274784276262,"No"
49,"Male","Engineer",78.9393671415746,0.872875640634447,"No"
41,"Female","Driver",61.417776811868,0.198841709876433,"No"
33,"Male","Engineer",93.8627938553691,0.320712994551286,"Yes"
48,"Female","Driver",21.1566866189241,0.409708545776084,"No"
42,"Male","Engineer",93.302905485034,0.927013071719557,"No"
29,"Male","Farmer",66.3687708042562,0.0434808891732246,"No"
39,"Female","Farmer",84.6855082176626,0.193641207879409,"No"
46,"Male","Engineer",54.6847037225962,0.72006340418011,"Yes"
41,"Female","Driver",45.1599936187267,0.05521279736422,"No"
26,"Male","Doctor",52.7060619927943,0.981234159087762,"No"
49,"Female","Engineer",43.8071360997856,0.0258265589363873,"Yes"
53,"Female","Engineer",29.6116177551448,0.509213151177391,"Yes"
40,"Male","Engineer",42.2697566635907,0.865214336663485,"No"
38,"Male","Farmer",42.0447280630469,0.301614612340927,"No"
35,"Female","Driver",47.2224355116487,0.619768221862614,"No"
68,"Male","Engineer",21.4672746509314,0.565235964255407,"No"
40,"Male","Engineer",80.8716284483671,0.448116320418194,"No"
34,"Male","Engineer",55.7732093520463,0.942580334143713,"Yes"
21,"Male","Engineer",68.0942202731967,0.384526672074571,"No"
21,"Female","Farmer",28.3914712257683,0.344990514917299,"No"
35,"Male","Doctor",22.5360874086618,0.943659313488752,"No"
39,"Male","Engineer",34.7701794281602,0.0925075763370842,"No"
40,"Male","Engineer",22.5120970979333,0.885152620496228,"No"
48,"Female","Doctor",95.1054845191538,0.298364415997639,"No"
33,"Female","Engineer",59.2713043093681,0.157752045197412,"No"
54,"Male","Engineer",84.198607839644,0.111901052761823,"No"
22,"Female","Driver",64.7674824483693,0.0821101386100054,"No"
21,"Male","Engineer",28.7888126261532,0.231854701880366,"No"
21,"Male","Driver",20.84113586694,0.861104685114697,"Yes"
47,"Female","Farmer",54.5848636515439,0.413210393628106,"No"
35,"Male","Engineer",36.569775659591,0.712468893267214,"No"
48,"Male","Doctor",84.5031946897507,0.929891230072826,"No"
32,"Female","Farmer",60.8795134723186,0.304682184010744,"Yes"
27,"Female","Farmer",63.0949235893786,0.738548529800028,"No"
30,"Male","Engineer",94.2480048723519,0.654114183736965,"No"
21,"Female","Doctor",26.0934196971357,0.3044710715767,"No"
21,"Male","Doctor",21.7651376500726,0.021524665877223,"No"
21,"Female","Engineer",64.6260920539498,0.382144795963541,"No"
52,"Male","Farmer",28.3727012947202,0.252980006858706,"No"
27,"Male","Engineer",41.0470016673207,0.532693812856451,"Yes"
48,"Male","Doctor",31.2002225965261,0.668221401283517,"No"
59,"Male","Engineer",32.2386727295816,0.291982147376984,"No"
33,"Female","Engineer",65.5692636780441,0.470938216894865,"No"
40,"Female","Driver",24.6839415468276,0.379575522150844,"No"
21,"Male","Engineer",70.3693627938628,0.0999410368967801,"No"
24,"Male","Engineer",78.8800242356956,0.178200876107439,"No"
37,"Male","Farmer",49.9378362484276,0.845010510180146,"Yes"
40,"Male","Doctor",76.4178476855159,0.472646775888279,"No"
25,"Female","Engineer",24.2756175249815,0.877597282873467,"Yes"
76,"Female","Engineer",66.7006450891495,0.841787294251844,"No"
29,"Male","Farmer",41.1333290114999,0.173598561203107,"No"
37,"Male","Engineer",34.4019245170057,0.724595080362633,"No"
46,"Male","Engineer",43.0059194937348,0.426431526662782,"Yes"
36,"Male","Farmer",68.3070385269821,0.5852065468207,"No"
26,"Male","Doctor",53.5784924030304,0.767492498969659,"Yes"
52,"Female","Engineer",70.8870737440884,0.925623286282644,"No"
60,"Female","Engineer",95.8154420554638,0.806130468612537,"No"
36,"Female","Driver",62.0667814463377,0.941937288735062,"Yes"
44,"Male","Driver",39.942062087357,0.29849027399905,"Yes"
35,"Female","Engineer",79.4435367360711,0.00163631839677691,"No"
51,"Female","Doctor",62.4316502176225,0.189825414214283,"No"
21,"Female","Engineer",30.9069494530559,0.743365358095616,"No"
71,"Male","Doctor",39.2224949784577,0.63498115632683,"No"
27,"Female","Engineer",29.4610965251923,0.505636711139232,"No"
21,"Female","Farmer",28.5956448502839,0.0276813888922334,"No"
31,"Male","Engineer",72.0622404292226,0.0610619918443263,"No"
38,"Female","Engineer",79.0075844526291,0.171036414569244,"No"
60,"Male","Farmer",55.7760084979236,0.994130248902366,"Yes"
50,"Male","Engineer",31.7371661402285,0.780412503983825,"Yes"
38,"Female","Doctor",87.2418080456555,0.522332774475217,"No"
21,"Female","Farmer",99.7506378032267,0.0442093822639436,"Yes"
23,"Female","Farmer",21.5563812293112,0.270184275694191,"No"
34,"Male","Farmer",62.9499682039022,0.114918828010559,"No"
74,"Male","Doctor",83.7109305150807,0.722725733416155,"No"
21,"Male","Engineer",61.9218529388309,0.404860853450373,"Yes"
53,"Male","Farmer",39.7280064970255,0.885870075318962,"Yes"
28,"Female","Farmer",57.8777505271137,0.381298016756773,"No"
61,"Female","Farmer",43.3741081878543,0.427767204353586,"No"
21,"Male","Engineer",97.3906075395644,0.0397114229854196,"No"
38,"Female","Farmer",75.9275996312499,0.44961196440272,"Yes"
21,"Female","Engineer",79.7305216826499,0.694756646174937,"No"
50,"Female","Engineer",21.0905550047755,0.808422145899385,"No"
58,"Male","Farmer",52.0728539302945,0.153519140556455,"No"
65,"Male","Engineer",56.3093546405435,0.552505213301629,"No"
48,"Female","Engineer",29.7415083646774,0.437205176101997,"No"
64,"Female","Farmer",40.5761021189392,0.72868697042577,"Yes"
55,"Female","Engineer",31.9572547264397,0.42208115872927,"No"
34,"Male","Farmer",53.3582547865808,0.449526399141178,"No"
43,"Female","Driver",37.2983937710524,0.75698242103681,"No"
21,"Male","Engineer",61.8153029680252,0.246412005741149,"No"
33,"Male","Engineer",91.024569645524,0.473696297965944,"No"
54,"Male","Farmer",61.3307111151516,0.227899365359917,"No"
44,"Female","Farmer",54.0042901039124,0.446563700214028,"No"
43,"Male","Engineer",43.6193086206913,0.903471453813836,"No"
21,"Male","Engineer",37.9572350345552,0.951011460041627,"Yes"
27,"Female","Engineer",24.2542043887079,0.586053659208119,"Yes"
25,"Male","Doctor",82.8669601306319,0.645014438545331,"No"
42,"Male","Engineer",96.6524230875075,0.943215737119317,"No"
21,"Female","Farmer",92.8573157638311,0.733535286970437,"Yes"
44,"Male","Engineer",43.3526605181396,0.950258589349687,"No"
21,"Female","Engineer",39.4939589314163,0.682570388540626,"No"
63,"Female","Engineer",44.6213373728096,0.25840862095356,"No"
43,"Female","Engineer",46.2547398358583,0.716215237509459,"Yes"
25,"Female","Doctor",69.1690972819924,0.489986356347799,"Yes"
40,"Male","Engineer",70.8047710359097,0.90918228472583,"No"
31,"Male","Engineer",28.6460917256773,0.934348948532715,"No"
42,"Female","Driver",59.8453885689378,0.477231107885018,"No"
40,"Female","Engineer",23.8055172935128,0.440087334718555,"No"
21,"Male","Doctor",72.6210656389594,0.595936852507293,"Yes"
24,"Male","Engineer",96.3674760051072,0.706528423121199,"No"
40,"Male","Doctor",96.5403090789914,0.975559839513153,"Yes"
61,"Female","Engineer",92.8290212899446,0.465832204557955,"No"
52,"Male","Engineer",58.0739110521972,0.298042678739876,"Yes"
27,"Male","Engineer",49.538064841181,0.826451858505607,"No"
48,"Male","Engineer",51.1575507745147,0.901649717241526,"No"
35,"Female","Farmer",95.2622008137405,0.614050482865423,"No"
41,"Female","Driver",74.9047049880028,0.271899509010836,"Yes"
40,"Male","Farmer",53.3571402169764,0.433010599343106,"No"
75,"Male","Engineer",58.4257891029119,0.956379977986217,"No"
21,"Female","Doctor",79.766849745065,0.509300105040893,"No"
38,"Male","Doctor",78.7936854921281,0.252626495901495,"Yes"
21,"Female","Engineer",57.6944917440414,0.410335041349754,"No"
45,"Male","Doctor",52.9111900925636,0.207715856144205,"Yes"
52,"Male","Doctor",52.1663255803287,0.503592060646042,"Yes"
58,"Male","Engineer",73.7044923193753,0.84999282984063,"No"
21,"Male","Engineer",75.2596873603761,0.0220917854458094,"Yes"
42,"Male","Driver",24.7151390276849,0.832710450980812,"Yes"
60,"Male","Driver",56.8160836026073,0.255263978848234,"Yes"
30,"Female","Engineer",60.4437263868749,0.709426759276539,"Yes"
33,"Male","Doctor",32.5735637173057,0.663352714618668,"No"
35,"Male","Driver",44.2281427793205,0.607645850162953,"Yes"
41,"Female","Engineer",36.0171812027693,0.617226465372369,"No"
46,"Male","Engineer",29.3533281050622,0.595555597217754,"No"
56,"Female","Engineer",88.1050989590585,0.676872128387913,"No"
35,"Male","Driver",47.182236853987,0.980048932600766,"Yes"
39,"Male","Doctor",24.9424317851663,0.837582136970013,"Yes"
73,"Male","Engineer",71.6041353717446,0.0759954557288438,"No"
42,"Male","Farmer",81.0950271040201,0.528207759605721,"Yes"
39,"Female","Farmer",62.9429775848985,0.1619840527419,"Yes"
21,"Female","Farmer",60.1957162097096,0.431694920873269,"Yes"
36,"Female","Farmer",80.4797593690455,0.100423860130832,"No"
33,"Female","Engineer",90.8817945793271,0.105563328834251,"No"
36,"Male","Engineer",86.1297398805618,0.831662432290614,"No"
27,"Female","Farmer",60.0706247240305,0.954024964012206,"No"
26,"Male","Engineer",83.7036897242069,0.402979709673673,"No"
25,"Female","Engineer",35.4299558885396,0.368648847332224,"No"
33,"Female","Doctor",49.822708517313,0.448279865784571,"No"
57,"Male","Farmer",52.5758058205247,0.433752248063684,"No"
52,"Female","Farmer",27.3650606349111,0.962731812614948,"No"
31,"Male","Engineer",20.1607827283442,0.741333303973079,"No"
21,"Female","Engineer",51.1688208952546,0.281285665696487,"No"
23,"Female","Engineer",32.6838927157223,0.490995411062613,"No"
29,"Female","Engineer",90.3144138492644,0.978452832903713,"No"
38,"Male","Doctor",67.2383193857968,0.567466144217178,"No"
26,"Female","Driver",56.1325496248901,0.0793524323962629,"Yes"
66,"Male","Driver",62.6163946837187,0.0593013386242092,"No"
32,"Female","Engineer",24.0627813339233,0.906220658449456,"No"
21,"Female","Engineer",80.2728729136288,0.824191432213411,"No"
34,"Female","Farmer",75.0737831741571,0.626698198495433,"No"
21,"Male","Driver",30.2347789518535,0.213896302971989,"No"
38,"Male","Doctor",68.8767174817622,0.34878583997488,"Yes"
40,"Female","Engineer",71.9753469526768,0.141369749326259,"No"
41,"Female","Engineer",47.5484870374203,0.431389814475551,"No"
21,"Male","Engineer",75.112253986299,0.773387012537569,"No"
39,"Female","Engineer",65.5053085833788,0.909710536710918,"No"
41,"Male","Engineer",42.1364913508296,0.826756228227168,"No"
21,"Female","Farmer",93.1648753210902,0.955791319021955,"Yes"
50,"Female","Engineer",23.6831704713404,0.376481786137447,"No"
48,"Male","Doctor",92.2449342906475,0.046627904754132,"No"
70,"Female","Doctor",85.3989417292178,0.28956882073544,"No"
38,"Male","Driver",45.9270596690476,0.999688149429858,"No"
37,"Female","Doctor",53.4054951183498,0.448751370189711,"No"
37,"Male","Engineer",60.3403665684164,0.995030475314707,"No"
37,"Female","Engineer",64.1671494394541,0.70745056681335,"No"
21,"Male","Engineer",25.8368638902903,0.299679738003761,"Yes"
21,"Female","Engineer",45.538227725774,0.908332019113004,"No"
35,"Female","Farmer",38.6705843359232,0.474333064863458,"No"
27,"Female","Engineer",27.8081696107984,0.815312964143232,"No"
37,"Male","Engineer",98.2152898982167,0.253490028204396,"No"
21,"Female","Farmer",47.3803339153528,0.958096851129085,"No"
21,"Female","Doctor",94.6347704902291,0.462951350724325,"No"
21,"Female","Farmer",84.8086441121995,0.130100689828396,"No"
51,"Male","Driver",52.7468376420438,0.770307361381128,"No"
21,"Female","Doctor",83.8032978586853,0.142061748541892,"No"
24,"Male","Engineer",39.5458104088902,0.541162486188114,"Yes"
37,"Female","Driver",82.2729366086423,0.657501368783414,"Yes"
31,"Male","Driver",26.8697364069521,0.576131637440994,"No"
38,"Female","Doctor",36.9581059738994,0.50499115861021,"No"
71,"Male","Engineer",98.6600424721837,0.930404127808288,"No"
21,"Female","Doctor",23.6123767122626,0.226607250515372,"Yes"
31,"Female","Farmer",63.6504553817213,0.0137667974922806,"No"
28,"Female","Engineer",73.9021922089159,0.277967733563855,"No"
59,"Female","Doctor",42.1018511429429,0.311556559987366,"Yes"
24,"Male","Driver",59.4364760816097,0.900442734826356,"No"
35,"Male","Engineer",88.7598518282175,0.557414514478296,"Yes"
48,"Female","Engineer",58.783041536808,0.134961040923372,"Yes"
21,"Female","Engineer",30.8605045452714,0.216784009709954,"No"
61,"Male","Engineer",45.3732112795115,0.0845780700910836,"No"
46,"Male","Doctor",81.3002816587687,0.855647383257747,"No"
21,"Female","Engineer",23.6141938529909,0.0586854461580515,"No"
43,"Male","Doctor",94.0151468105614,0.327977194217965,"No"
33,"Female","Driver",74.6335586346686,0.500196716748178,"Yes"
41,"Male","Doctor",53.3413951285183,0.333896062802523,"No"
35,"Female","Engineer",30.8267497085035,0.877056362805888,"No"
52,"Male","Farmer",94.1319342516363,0.882782482076436,"No"
21,"Female","Doctor",38.5284049063921,0.901113061001524,"No"
28,"Female","Engineer",79.153421279043,0.797942354111001,"Yes"
32,"Male","Engineer",20.6482861749828,0.901482271496207,"No"
